"song_id","song_name","song_artist","song_ytlink"
"1","เต่างอย","จินตหรา พูนลาภ","https://www.youtube.com/watch?v=ZwDmUlKSOW4"
"2","งามแสงเดือน",,"https://www.youtube.com/watch?v=WeYZcCbpW1k"
"3","เจ้าหญิงของปวงประชา",,
"4","Kill This Love","BLACKPINK","https://www.youtube.com/watch?v=2S24-y0Ij3Y"
"5","DDU-DU DDU-DU เวอร์ชันหมอลำ",,
"6","รักติดไซเรน","ไอซ์ พาริส","https://www.youtube.com/watch?v=ILU9NbWn4t0"
"7","Jopping",,"https://www.youtube.com/watch?v=pAnK1y7qjuE"
"8","Happy Birthday",,
"9","swalla","Lisa Blackpink","https://www.youtube.com/watch?v=yI2aLKJCLtQ"
"10","Fortune Cookie","Bnk48","https://www.youtube.com/watch?v=mfqJyKm20Z4"
"11","บัวลอย","คาราบาว",
"12","เลิกคุยทั้งอำเภอเพื่อเธอคนเดียว","ลิลลี่ ได้หมดถ้าสดชื่น",
"13","Boy With luv",,"https://www.youtube.com/watch?v=CzvfbRbEjww"
"14","คืนความสุขให้ประเทศไทย Remix","ประยุทธ์ จันทร์โอชา","https://www.youtube.com/watch?v=v37ElMA5g2Y"
"15","Feel Special","TWICE",
